{"cameraMode":{"drawMode":0,"name":"Shaded","section":"Shading Mode"},"sceneLighting":true,"audioPlay":false,"sceneViewState":{"showFog":true,"showMaterialUpdate":false,"showSkybox":true,"showFlares":true,"showImageEffects":true,"showParticleSystems":true},"in2DMode":false,"pivot":{"x":11.377147674560547,"y":1.2692757844924927,"z":-24.797395706176759},"rotation":{"x":-0.21081267297267915,"y":0.6433350443840027,"z":-0.19079524278640748,"w":-0.7108291983604431},"size":1.4502480030059815,"orthographic":false}